{
  "I_door": 3.1687597666666663,
  "constants": {
    "m": 13.7,
    "w": 0.833,
    "h": 2.031,
    "r": 0.759,
    "I": 3.1687597666666663,
    "A": 1.691823,
    "cD": 1.5,
    "rho": 1.3,
    "eta": 1.7e-05
  },
  "cases": {
    "fast": {
      "label": "Fast slam",
      "win": [
        7.69,
        8.0
      ],
      "n": 144,
      "w0_obs": 2.082779398,
      "w_end": 1.785596351,
      "best": "D",
      "fits": {
        "D": {
          "key": "D",
          "ok": true,
          "params": {
            "w0": 2.1506248034599964,
            "A": 1.0879455514211935
          },
          "R2": 0.9441092667160935,
          "SSE": 0.08097552012031255,
          "AIC": -1073.6127234032679,
          "n": 144,
          "k": 2
        },
        "S": {
          "key": "S",
          "ok": true,
          "params": {
            "w0": 2.153562783581028,
            "B": 0.5431646198656204
          },
          "R2": 0.9342905743971504,
          "SSE": 0.09520102175023443,
          "AIC": -1050.3072181972952,
          "n": 144,
          "k": 2
        },
        "N": {
          "key": "N",
          "ok": true,
          "params": {
            "w0": 2.1563121912008834,
            "C": 0.2705626185833859
          },
          "R2": 0.9237826035808352,
          "SSE": 0.11042516271718061,
          "AIC": -1028.9451988432852,
          "n": 144,
          "k": 2
        },
        "DS": {
          "key": "DS",
          "ok": true,
          "params": {
            "w0": 2.1506214475859586,
            "A": 1.0879236731438482,
            "B": 1.9231231746800335e-07
          },
          "R2": 0.9441092631341295,
          "SSE": 0.08097552530992777,
          "AIC": -1071.6127141744964,
          "n": 144,
          "k": 3
        },
        "DN": {
          "key": "DN",
          "ok": true,
          "params": {
            "w0": 2.1506248026258925,
            "A": 1.0879455461999092,
            "C": 4.580092434261214e-18
          },
          "R2": 0.9441092667160935,
          "SSE": 0.0809755201203125,
          "AIC": -1071.6127234032679,
          "n": 144,
          "k": 3
        },
        "SN": {
          "key": "SN",
          "ok": true,
          "params": {
            "w0": 2.1535627787058913,
            "B": 0.543164604441724,
            "C": 1.779906562576291e-20
          },
          "R2": 0.9342905743971512,
          "SSE": 0.09520102175023318,
          "AIC": -1048.307218197297,
          "n": 144,
          "k": 3
        }
      }
    },
    "slow": {
      "label": "Slow slam",
      "win": [
        8.9,
        11.5
      ],
      "n": 1206,
      "w0_obs": 0.5996099575,
      "w_end": 0.267167028,
      "best": "DN",
      "fits": {
        "D": {
          "key": "D",
          "ok": true,
          "params": {
            "w0": 0.5732499128619092,
            "A": 0.12026980015655599
          },
          "R2": 0.9879323865128616,
          "SSE": 0.11996614583312644,
          "AIC": -11110.025746044828,
          "n": 1206,
          "k": 2
        },
        "S": {
          "key": "S",
          "ok": true,
          "params": {
            "w0": 0.5944001971496172,
            "B": 0.2911170383373787
          },
          "R2": 0.9966591620006394,
          "SSE": 0.033211824281851696,
          "AIC": -12658.89591096786,
          "n": 1206,
          "k": 2
        },
        "N": {
          "key": "N",
          "ok": true,
          "params": {
            "w0": 0.6152446279743102,
            "C": 0.6752057253980757
          },
          "R2": 0.9896353584396448,
          "SSE": 0.10303661964835664,
          "AIC": -11293.488651994849,
          "n": 1206,
          "k": 2
        },
        "DS": {
          "key": "DS",
          "ok": true,
          "params": {
            "w0": 0.5943776454655,
            "A": 0.0001393395268005755,
            "B": 0.29078274169351975
          },
          "R2": 0.996659173413999,
          "SSE": 0.03321171081975241,
          "AIC": -12656.900031052452,
          "n": 1206,
          "k": 3
        },
        "DN": {
          "key": "DN",
          "ok": true,
          "params": {
            "w0": 0.5968236655631841,
            "A": 0.057925441995062076,
            "C": 0.3555691123186557
          },
          "R2": 0.9972585477607422,
          "SSE": 0.027253231094935902,
          "AIC": -12895.3629692969,
          "n": 1206,
          "k": 3
        },
        "SN": {
          "key": "SN",
          "ok": true,
          "params": {
            "w0": 0.5960342451438646,
            "B": 0.26992626578910583,
            "C": 0.04949532193242029
          },
          "R2": 0.9967033751808414,
          "SSE": 0.032772293729310675,
          "AIC": -12672.962858667428,
          "n": 1206,
          "k": 3
        }
      }
    }
  },
  "physical_validity": {
    "theory": {
      "bI_Stokes": 5.8451509796695696e-05,
      "cI_Newton": 0.3008882507354015,
      "aI_dry_mu0.01": 0.35294117647058826,
      "aI_dry_mu0.1": 3.5294117647058836
    },
    "cases": {
      "fast": {
        "aI": 1.0879455514211935,
        "bI": 0.5431646198656204,
        "cI": 0.2705626185833859,
        "mu_implied": 0.030825123956933813,
        "dry_torque": 3.447438091667459,
        "bI_ratio": 9292.567835370539,
        "cI_ratio": 0.8992129733284812
      },
      "slow": {
        "aI": 0.12026980015655599,
        "bI": 0.2911170383373787,
        "cI": 0.6752057253980757,
        "mu_implied": 0.003407644337769086,
        "dry_torque": 0.3811061038811349,
        "bI_ratio": 4980.487918103969,
        "cI_ratio": 2.244041512913197
      }
    },
    "mu_inconsistency": 9.045874774922778
  },
  "f_tests": {
    "fast": {
      "D_to_DN": 7.249480131752762e-14,
      "S_to_SN": 1.8498659367669453e-12,
      "N_to_DN": 51.279690454458525
    },
    "slow": {
      "D_to_DN": 4092.4922274910737,
      "S_to_SN": 16.134215660161217,
      "N_to_DN": 3345.196615850278
    }
  }
}